{
  "quickstart" :"{QUICKSTART_VALUE}",
  "quickACG": "{QUICK_ACG_VALUE}",
  "DS_SIGNER_NAME": "{SIGNER_NAME}",
  "DS_SIGNER_EMAIL": "{SIGNER_EMAIL}",
  "DS_APP_URL": "http://localhost:8080",
  "DS_TARGET_ACCOUNT_ID": "{DS_TARGET_ACCOUNT_ID}",
  "DS_BASE_PATH": "https://demo.docusign.net",
  "DS_ROOMS_BASE_PATH": "https://demo.rooms.docusign.com",
  "DS_CLICK_BASE_PATH": "https://demo.docusign.net",
  "DS_MONITOR_BASE_PATH": "https://lens-d.docusign.net",
  "DS_ADMIN_BASE_PATH": "https://api-d.docusign.net",
  "DS_WEBFORMS_BASE_PATH": "https://apps-d.docusign.com/api/webforms/v1.1",

  "Gateway_Name": "{DS_PAYMENT_GATEWAY_NAME}",
  "Gateway_Account_Id": "{GATEWAY_ACCOUNT_ID}",
  "Gateway_Display_Name": "{DS_PAYMENT_GATEWAY_DISPLAY_NAME}",

  "authorization.code.grant.sso.redirect-url": "/oauth2/authorization/acg",
  "jwt.grant.sso.redirect-url": "/oauth2/authorization/jwt",
  "jwt.grant.client.base-url": "account-d.docusign.com",
  "spring": {
    "security": {
      "oauth2": {
        "client": {
          "registration": {
            "acg": {
              "client-id": "{INTEGRATION_KEY_AUTH_CODE}",
              "client-secret": "{SECRET_KEY}",
              "client-authentication-method": "client_secret_basic",
              "authorization-grant-type": "authorization_code",
              "redirect-uri": "{baseUrl}/login/oauth2/code/acg",
              "scope": "user_write, signature, impersonation, group_read, organization_read, permission_read, user_read, account_read, domain_read, identity_provider_read, user_data_redact, click.manage, click.send, dtr.rooms.read, dtr.rooms.write, dtr.documents.read, dtr.documents.write, dtr.profile.read, dtr.profile.write, dtr.company.read, dtr.company.write, room_forms, asset_group_account_read, asset_group_account_clone_write, asset_group_account_clone_read, webforms_read, webforms_instance_read, webforms_instance_write"
            },
            "jwt": {
              "client-id": "{INTEGRATION_KEY_JWT}",
              "impersonated-user-guid": "{IMPERSONATED_USER_ID}",
              "private-key-path": "src/main/resources/private.key",
              "authorization-grant-type": "authorization_code",
              "redirect-uri": "{baseUrl}/login/oauth2/code/jwt"
            }
          },
          "provider": {
            "acg": {
              "authorization-uri": "https://account-d.docusign.com/oauth/auth?prompt=login",
              "token-uri": "https://account-d.docusign.com/oauth/token",
              "user-info-uri": "https://account-d.docusign.com/oauth/userinfo",
              "user-name-attribute": "sub"
            },
            "jwt": {
              "authorization-uri": "https://account-d.docusign.com/oauth/auth?prompt=login",
              "token-uri": "https://account-d.docusign.com/oauth/token",
              "user-info-uri": "https://account-d.docusign.com/oauth/userinfo",
              "user-name-attribute": "sub"
            }
          }
        }
      }
    }
  },

  "common.client.resource.user-info-uri": "https://account-d.docusign.com/oauth/userinfo",
  "com.docusign.github.example-uri": "https://github.com/docusign/code-examples-java/blob/master/src/main/java/",
  "com.docusign.documentation-path": "",

  "CodeExamplesManifest": "https://raw.githubusercontent.com/docusign/code-examples-csharp/master/manifest/CodeExamplesManifest.json",

  "server.tomcat.additional-tld-skip-patterns": "*jaxb*.jar",
  "server.servlet.session.tracking-modes": "cookie",
  "server.servlet.session.persistent": false,
  "server.error.include-stacktrace": "always",
  "server.error.whitelabel.enabled": false,

  "spring.session.store-type": "none",
  "spring.mvc.view.prefix": "/WEB-INF/templates/views/",
  "spring.mvc.view.suffix": ".jsp",
  "spring.jmx.enabled": false
}
